{
    "name": "Gmeet Live Class",
    "slug": "gmeet-addon",
    "description": "Gmeet live class is a great addon for online class. The student and teacher can easily manage online class.",
    "version": "V1.0",
    "author": "inilabs",
    "preview_image": "gmeet-live-class.png",
    "files": {
        "0": "mvc/controllers/Gmeetliveclass.php",
        "1": "mvc/models/Gmeetliveclass_m.php",
        "2": "mvc/views/gmeetliveclass/add.php",
        "3": "mvc/views/gmeetliveclass/edit.php",
        "4": "mvc/language/arabic/gmeetliveclass_lang.php",
        "5": "mvc/language/bengali/gmeetliveclass_lang.php",
        "6": "mvc/language/chinese/gmeetliveclass_lang.php",
        "7": "mvc/language/english/gmeetliveclass_lang.php",
        "8": "mvc/language/french/gmeetliveclass_lang.php",
        "9": "mvc/language/german/gmeetliveclass_lang.php",
        "10": "mvc/language/hindi/gmeetliveclass_lang.php",
        "11": "mvc/language/indonesian/gmeetliveclass_lang.php",
        "12": "mvc/language/italian/gmeetliveclass_lang.php",
        "13": "mvc/language/portuguese/gmeetliveclass_lang.php",
        "14": "mvc/language/romanian/gmeetliveclass_lang.php",
        "15": "mvc/language/russian/gmeetliveclass_lang.php",
        "16": "mvc/language/spanish/gmeetliveclass_lang.php",
        "17": "mvc/language/thai/gmeetliveclass_lang.php",
        "18": "mvc/language/turkish/gmeetliveclass_lang.php"
    },
    "init": "gmeet-addon/src/Init.php"
}
