{
    "name": "Lms",
    "slug": "lms-addon",
    "description": "Lms is a great addon for Learning management. The student and teacher can easily manage their learning.",
    "version": "V1.2",
    "author": "inilabs",
    "preview_image": "lms.png",
    "files": {
        "0": "assets/tutorial/css/view.css",
        "1": "assets/tutorial/js/view.js",
        "2": "mvc/controllers/Tutorial.php",
        "3": "mvc/models/Lesson_m.php",
        "4": "mvc/models/Tutorial_m.php",
        "5": "mvc/views/tutorial/add.php",
        "6": "mvc/views/tutorial/addlesson.php",
        "7": "mvc/views/tutorial/edit.php",
        "8": "mvc/views/tutorial/editlesson.php",
        "9": "mvc/views/tutorial/getlesson.php",
        "10": "mvc/views/tutorial/index.php",
        "11": "mvc/views/tutorial/view.php",
        "12": "mvc/views/tutorial/viewlesson.php",
        "13": "mvc/language/arabic/tutorial_lang.php",
        "14": "mvc/language/bengali/tutorial_lang.php",
        "15": "mvc/language/chinese/tutorial_lang.php",
        "16": "mvc/language/english/tutorial_lang.php",
        "17": "mvc/language/french/tutorial_lang.php",
        "18": "mvc/language/german/tutorial_lang.php",
        "19": "mvc/language/hindi/tutorial_lang.php",
        "20": "mvc/language/indonesian/tutorial_lang.php",
        "21": "mvc/language/italian/tutorial_lang.php",
        "22": "mvc/language/portuguese/tutorial_lang.php",
        "23": "mvc/language/romanian/tutorial_lang.php",
        "24": "mvc/language/russian/tutorial_lang.php",
        "25": "mvc/language/spanish/tutorial_lang.php",
        "26": "mvc/language/thai/tutorial_lang.php",
        "27": "mvc/language/turkish/tutorial_lang.php"
    },
    "init": "lms-addon/src/Init.php"
}
